code,event,finished,finished_provisional,id,kickoff_time,minutes,provisional_start_time,started,stats,team_a,team_a_difficulty,team_a_score,team_h,team_h_difficulty,team_h_score
1059702,1,TRUE,TRUE,1,2019-08-09T19:00:00Z,90,FALSE,TRUE,"[{'h': [{'element': 183, 'value': 1}, {'element': 188, 'value': 1}, {'element': 191, 'value': 1}], 'identifier': 'goals_scored', 'a': [{'element': 278, 'value': 1}]}, {'h': [{'element': 182, 'value': 1}, {'element': 187, 'value': 1}, {'element': 188, 'value': 1}, {'element': 191, 'value': 1}], 'identifier': 'assists', 'a': [{'element': 283, 'value': 1}]}, {'h': [], 'identifier': 'own_goals', 'a': [{'element': 277, 'value': 1}]}, {'h': [], 'identifier': 'penalties_saved', 'a': []}, {'h': [], 'identifier': 'penalties_missed', 'a': []}, {'h': [], 'identifier': 'yellow_cards', 'a': [{'element': 283, 'value': 1}, {'element': 288, 'value': 1}]}, {'h': [], 'identifier': 'red_cards', 'a': []}, {'h': [{'element': 189, 'value': 2}, {'element': 526, 'value': 2}], 'identifier': 'saves', 'a': [{'element': 280, 'value': 4}]}, {'h': [{'element': 188, 'value': 3}, {'element': 191, 'value': 2}], 'identifier': 'bonus', 'a': [{'element': 278, 'value': 1}]}, {'h': [{'element': 188, 'value': 46}, {'element': 191, 'value': 40}, {'element': 183, 'value': 27}, {'element': 187, 'value': 26}, {'element': 182, 'value': 24}, {'element': 197, 'value': 18}, {'element': 181, 'value': 15}, {'element': 198, 'value': 12}, {'element': 199, 'value': 11}, {'element': 184, 'value': 10}, {'element': 189, 'value': 7}, {'element': 526, 'value': 7}, {'element': 192, 'value': 3}, {'element': 200, 'value': 3}], 'identifier': 'bps', 'a': [{'element': 278, 'value': 32}, {'element': 280, 'value': 19}, {'element': 273, 'value': 18}, {'element': 274, 'value': 16}, {'element': 283, 'value': 16}, {'element': 276, 'value': 15}, {'element': 286, 'value': 12}, {'element': 290, 'value': 11}, {'element': 287, 'value': 10}, {'element': 434, 'value': 3}, {'element': 277, 'value': 2}, {'element': 285, 'value': 1}, {'element': 288, 'value': -3}]}]",14,5,1,10,2,4
1059709,1,TRUE,TRUE,8,2019-08-10T11:30:00Z,90,FALSE,TRUE,"[{'h': [], 'identifier': 'goals_scored', 'a': [{'element': 214, 'value': 3}, {'element': 210, 'value': 1}, {'element': 211, 'value': 1}]}, {'h': [], 'identifier': 'assists', 'a': [{'element': 217, 'value': 3}, {'element': 203, 'value': 1}, {'element': 215, 'value': 1}]}, {'h': [], 'identifier': 'own_goals', 'a': []}, {'h': [], 'identifier': 'penalties_saved', 'a': []}, {'h': [], 'identifier': 'penalties_missed', 'a': []}, {'h': [{'element': 382, 'value': 1}, {'element': 390, 'value': 1}], 'identifier': 'yellow_cards', 'a': [{'element': 203, 'value': 1}, {'element': 214, 'value': 1}]}, {'h': [], 'identifier': 'red_cards', 'a': []}, {'h': [{'element': 388, 'value': 4}], 'identifier': 'saves', 'a': [{'element': 212, 'value': 3}]}, {'h': [], 'identifier': 'bonus', 'a': [{'element': 214, 'value': 3}, {'element': 217, 'value': 2}, {'element': 215, 'value': 1}]}, {'h': [{'element': 388, 'value': 18}, {'element': 391, 'value': 16}, {'element': 395, 'value': 15}, {'element': 457, 'value': 15}, {'element': 380, 'value': 11}, {'element': 376, 'value': 7}, {'element': 393, 'value': 7}, {'element': 382, 'value': 6}, {'element': 381, 'value': 3}, {'element': 394, 'value': 3}, {'element': 399, 'value': 3}, {'element': 389, 'value': 2}, {'element': 386, 'value': -2}], 'identifier': 'bps', 'a': [{'element': 214, 'value': 55}, {'element': 217, 'value': 45}, {'element': 215, 'value': 37}, {'element': 203, 'value': 33}, {'element': 207, 'value': 33}, {'element': 211, 'value': 31}, {'element': 210, 'value': 27}, {'element': 202, 'value': 26}, {'element': 206, 'value': 26}, {'element': 212, 'value': 26}, {'element': 443, 'value': 15}, {'element': 219, 'value': 11}, {'element': 220, 'value': 3}, {'element': 222, 'value': 3}]}]",11,3,5,19,4,0
1059703,1,TRUE,TRUE,2,2019-08-10T14:00:00Z,90,FALSE,TRUE,"[{'h': [{'element': 61, 'value': 1}], 'identifier': 'goals_scored', 'a': [{'element': 298, 'value': 1}]}, {'h': [{'element': 67, 'value': 1}], 'identifier': 'assists', 'a': []}, {'h': [], 'identifier': 'own_goals', 'a': []}, {'h': [], 'identifier': 'penalties_saved', 'a': []}, {'h': [], 'identifier': 'penalties_missed', 'a': []}, {'h': [{'element': 63, 'value': 1}, {'element': 75, 'value': 1}], 'identifier': 'yellow_cards', 'a': [{'element': 301, 'value': 1}]}, {'h': [], 'identifier': 'red_cards', 'a': []}, {'h': [{'element': 494, 'value': 2}], 'identifier': 'saves', 'a': [{'element': 471, 'value': 2}]}, {'h': [{'element': 61, 'value': 2}], 'identifier': 'bonus', 'a': [{'element': 298, 'value': 3}, {'element': 297, 'value': 1}]}, {'h': [{'element': 61, 'value': 24}, {'element': 59, 'value': 19}, {'element': 476, 'value': 15}, {'element': 65, 'value': 13}, {'element': 82, 'value': 13}, {'element': 58, 'value': 12}, {'element': 494, 'value': 11}, {'element': 63, 'value': 10}, {'element': 67, 'value': 10}, {'element': 68, 'value': 6}, {'element': 69, 'value': 3}], 'identifier': 'bps', 'a': [{'element': 298, 'value': 26}, {'element': 297, 'value': 20}, {'element': 295, 'value': 16}, {'element': 302, 'value': 16}, {'element': 293, 'value': 12}, {'element': 471, 'value': 12}, {'element': 291, 'value': 11}, {'element': 301, 'value': 9}, {'element': 423, 'value': 9}, {'element': 441, 'value': 3}, {'element': 501, 'value': 3}, {'element': 453, 'value': 2}, {'element': 294, 'value': 1}]}]",15,3,1,3,2,1
1059704,1,TRUE,TRUE,3,2019-08-10T14:00:00Z,90,FALSE,TRUE,"[{'h': [{'element': 90, 'value': 2}, {'element': 96, 'value': 1}], 'identifier': 'goals_scored', 'a': []}, {'h': [{'element': 447, 'value': 2}], 'identifier': 'assists', 'a': []}, {'h': [], 'identifier': 'own_goals', 'a': []}, {'h': [], 'identifier': 'penalties_saved', 'a': []}, {'h': [], 'identifier': 'penalties_missed', 'a': []}, {'h': [], 'identifier': 'yellow_cards', 'a': []}, {'h': [], 'identifier': 'red_cards', 'a': []}, {'h': [{'element': 93, 'value': 3}], 'identifier': 'saves', 'a': [{'element': 319, 'value': 1}]}, {'h': [{'element': 90, 'value': 3}, {'element': 447, 'value': 2}, {'element': 93, 'value': 1}, {'element': 96, 'value': 1}], 'identifier': 'bonus', 'a': []}, {'h': [{'element': 90, 'value': 58}, {'element': 447, 'value': 43}, {'element': 93, 'value': 28}, {'element': 96, 'value': 28}, {'element': 83, 'value': 27}, {'element': 84, 'value': 23}, {'element': 85, 'value': 23}, {'element': 97, 'value': 15}, {'element': 102, 'value': 10}, {'element': 101, 'value': 7}, {'element': 430, 'value': 3}, {'element': 451, 'value': 2}, {'element': 91, 'value': -1}], 'identifier': 'bps', 'a': [{'element': 304, 'value': 13}, {'element': 307, 'value': 13}, {'element': 308, 'value': 10}, {'element': 319, 'value': 10}, {'element': 321, 'value': 10}, {'element': 305, 'value': 8}, {'element': 313, 'value': 8}, {'element': 328, 'value': 8}, {'element': 320, 'value': 7}, {'element': 306, 'value': 5}, {'element': 325, 'value': 2}, {'element': 508, 'value': 2}, {'element': 437, 'value': -5}]}]",16,2,0,5,2,3
1059705,1,TRUE,TRUE,4,2019-08-10T14:00:00Z,90,FALSE,TRUE,"[{'h': [], 'identifier': 'goals_scored', 'a': []}, {'h': [], 'identifier': 'assists', 'a': []}, {'h': [], 'identifier': 'own_goals', 'a': []}, {'h': [], 'identifier': 'penalties_saved', 'a': []}, {'h': [], 'identifier': 'penalties_missed', 'a': []}, {'h': [{'element': 134, 'value': 1}, {'element': 136, 'value': 1}], 'identifier': 'yellow_cards', 'a': [{'element': 152, 'value': 1}]}, {'h': [], 'identifier': 'red_cards', 'a': [{'element': 158, 'value': 1}]}, {'h': [{'element': 131, 'value': 2}], 'identifier': 'saves', 'a': [{'element': 148, 'value': 2}]}, {'h': [], 'identifier': 'bonus', 'a': [{'element': 142, 'value': 3}, {'element': 143, 'value': 2}, {'element': 148, 'value': 1}]}, {'h': [{'element': 128, 'value': 24}, {'element': 131, 'value': 24}, {'element': 126, 'value': 23}, {'element': 123, 'value': 20}, {'element': 127, 'value': 20}, {'element': 138, 'value': 15}, {'element': 135, 'value': 14}, {'element': 129, 'value': 9}, {'element': 468, 'value': 8}, {'element': 136, 'value': 5}, {'element': 130, 'value': 1}, {'element': 133, 'value': 1}, {'element': 134, 'value': -2}], 'identifier': 'bps', 'a': [{'element': 142, 'value': 32}, {'element': 143, 'value': 26}, {'element': 148, 'value': 25}, {'element': 144, 'value': 20}, {'element': 141, 'value': 17}, {'element': 150, 'value': 7}, {'element': 422, 'value': 6}, {'element': 497, 'value': 6}, {'element': 147, 'value': 5}, {'element': 152, 'value': 4}, {'element': 496, 'value': 4}, {'element': 151, 'value': 3}, {'element': 154, 'value': 2}, {'element': 158, 'value': 1}]}]",8,2,0,7,2,0
1059708,1,TRUE,TRUE,7,2019-08-10T14:00:00Z,90,FALSE,TRUE,"[{'h': [], 'identifier': 'goals_scored', 'a': [{'element': 46, 'value': 1}, {'element': 502, 'value': 1}]}, {'h': [], 'identifier': 'assists', 'a': [{'element': 42, 'value': 1}, {'element': 49, 'value': 1}, {'element': 54, 'value': 1}]}, {'h': [{'element': 368, 'value': 1}], 'identifier': 'own_goals', 'a': []}, {'h': [], 'identifier': 'penalties_saved', 'a': []}, {'h': [], 'identifier': 'penalties_missed', 'a': []}, {'h': [], 'identifier': 'yellow_cards', 'a': [{'element': 42, 'value': 1}]}, {'h': [], 'identifier': 'red_cards', 'a': []}, {'h': [{'element': 366, 'value': 1}], 'identifier': 'saves', 'a': [{'element': 47, 'value': 3}]}, {'h': [], 'identifier': 'bonus', 'a': [{'element': 42, 'value': 3}, {'element': 47, 'value': 2}, {'element': 46, 'value': 1}, {'element': 502, 'value': 1}]}, {'h': [{'element': 357, 'value': 16}, {'element': 439, 'value': 13}, {'element': 358, 'value': 10}, {'element': 366, 'value': 9}, {'element': 353, 'value': 7}, {'element': 368, 'value': 7}, {'element': 373, 'value': 7}, {'element': 362, 'value': 6}, {'element': 364, 'value': 3}, {'element': 369, 'value': 3}, {'element': 363, 'value': 1}, {'element': 365, 'value': 1}, {'element': 370, 'value': 1}], 'identifier': 'bps', 'a': [{'element': 42, 'value': 41}, {'element': 47, 'value': 29}, {'element': 46, 'value': 27}, {'element': 502, 'value': 27}, {'element': 37, 'value': 26}, {'element': 54, 'value': 26}, {'element': 475, 'value': 23}, {'element': 38, 'value': 21}, {'element': 49, 'value': 16}, {'element': 55, 'value': 15}, {'element': 57, 'value': 11}, {'element': 45, 'value': 8}, {'element': 39, 'value': 3}]}]",4,3,3,18,2,0
1059707,1,TRUE,TRUE,6,2019-08-10T16:30:00Z,90,FALSE,TRUE,"[{'h': [{'element': 338, 'value': 2}, {'element': 442, 'value': 1}], 'identifier': 'goals_scored', 'a': [{'element': 31, 'value': 1}]}, {'h': [{'element': 345, 'value': 1}, {'element': 349, 'value': 1}], 'identifier': 'assists', 'a': [{'element': 445, 'value': 1}]}, {'h': [], 'identifier': 'own_goals', 'a': []}, {'h': [], 'identifier': 'penalties_saved', 'a': []}, {'h': [], 'identifier': 'penalties_missed', 'a': []}, {'h': [{'element': 346, 'value': 1}], 'identifier': 'yellow_cards', 'a': []}, {'h': [], 'identifier': 'red_cards', 'a': []}, {'h': [{'element': 340, 'value': 3}], 'identifier': 'saves', 'a': [{'element': 94, 'value': 3}]}, {'h': [{'element': 338, 'value': 3}, {'element': 442, 'value': 1}], 'identifier': 'bonus', 'a': [{'element': 445, 'value': 2}]}, {'h': [{'element': 338, 'value': 50}, {'element': 442, 'value': 26}, {'element': 337, 'value': 20}, {'element': 345, 'value': 19}, {'element': 331, 'value': 17}, {'element': 346, 'value': 15}, {'element': 333, 'value': 14}, {'element': 347, 'value': 14}, {'element': 332, 'value': 13}, {'element': 340, 'value': 13}, {'element': 349, 'value': 13}, {'element': 343, 'value': 10}, {'element': 352, 'value': 3}, {'element': 527, 'value': 3}], 'identifier': 'bps', 'a': [{'element': 445, 'value': 31}, {'element': 31, 'value': 23}, {'element': 29, 'value': 22}, {'element': 94, 'value': 15}, {'element': 24, 'value': 13}, {'element': 28, 'value': 12}, {'element': 455, 'value': 12}, {'element': 22, 'value': 10}, {'element': 26, 'value': 4}, {'element': 465, 'value': 4}, {'element': 470, 'value': 3}, {'element': 428, 'value': 2}, {'element': 36, 'value': 1}]}]",2,4,1,17,2,3
1059706,1,TRUE,TRUE,5,2019-08-11T13:00:00Z,90,FALSE,TRUE,"[{'h': [], 'identifier': 'goals_scored', 'a': []}, {'h': [], 'identifier': 'assists', 'a': []}, {'h': [], 'identifier': 'own_goals', 'a': []}, {'h': [], 'identifier': 'penalties_saved', 'a': []}, {'h': [], 'identifier': 'penalties_missed', 'a': []}, {'h': [], 'identifier': 'yellow_cards', 'a': [{'element': 402, 'value': 1}, {'element': 414, 'value': 1}]}, {'h': [], 'identifier': 'red_cards', 'a': []}, {'h': [{'element': 168, 'value': 2}], 'identifier': 'saves', 'a': [{'element': 411, 'value': 1}]}, {'h': [{'element': 159, 'value': 3}, {'element': 162, 'value': 1}], 'identifier': 'bonus', 'a': [{'element': 405, 'value': 3}]}, {'h': [{'element': 159, 'value': 32}, {'element': 162, 'value': 30}, {'element': 164, 'value': 29}, {'element': 161, 'value': 23}, {'element': 168, 'value': 23}, {'element': 448, 'value': 21}, {'element': 176, 'value': 15}, {'element': 180, 'value': 15}, {'element': 171, 'value': 9}, {'element': 265, 'value': 7}, {'element': 166, 'value': 5}, {'element': 172, 'value': 3}, {'element': 174, 'value': 2}], 'identifier': 'bps', 'a': [{'element': 405, 'value': 32}, {'element': 411, 'value': 23}, {'element': 404, 'value': 22}, {'element': 403, 'value': 20}, {'element': 402, 'value': 18}, {'element': 401, 'value': 16}, {'element': 420, 'value': 13}, {'element': 415, 'value': 11}, {'element': 409, 'value': 10}, {'element': 414, 'value': 10}, {'element': 410, 'value': 4}, {'element': 407, 'value': 3}, {'element': 487, 'value': -1}]}]",20,3,0,9,3,0
1059711,1,TRUE,TRUE,10,2019-08-11T13:00:00Z,90,FALSE,TRUE,"[{'h': [], 'identifier': 'goals_scored', 'a': [{'element': 11, 'value': 1}]}, {'h': [], 'identifier': 'assists', 'a': [{'element': 4, 'value': 1}]}, {'h': [], 'identifier': 'own_goals', 'a': []}, {'h': [], 'identifier': 'penalties_saved', 'a': []}, {'h': [], 'identifier': 'penalties_missed', 'a': []}, {'h': [{'element': 266, 'value': 1}], 'identifier': 'yellow_cards', 'a': [{'element': 16, 'value': 1}, {'element': 18, 'value': 1}, {'element': 489, 'value': 1}]}, {'h': [], 'identifier': 'red_cards', 'a': []}, {'h': [{'element': 262, 'value': 1}], 'identifier': 'saves', 'a': [{'element': 14, 'value': 2}]}, {'h': [], 'identifier': 'bonus', 'a': [{'element': 4, 'value': 3}, {'element': 5, 'value': 2}, {'element': 6, 'value': 1}, {'element': 14, 'value': 1}]}, {'h': [{'element': 255, 'value': 24}, {'element': 271, 'value': 20}, {'element': 466, 'value': 15}, {'element': 251, 'value': 14}, {'element': 258, 'value': 13}, {'element': 252, 'value': 12}, {'element': 256, 'value': 10}, {'element': 262, 'value': 9}, {'element': 270, 'value': 8}, {'element': 498, 'value': 6}, {'element': 269, 'value': 4}, {'element': 266, 'value': 2}, {'element': 500, 'value': 2}], 'identifier': 'bps', 'a': [{'element': 4, 'value': 38}, {'element': 5, 'value': 28}, {'element': 6, 'value': 27}, {'element': 14, 'value': 27}, {'element': 467, 'value': 26}, {'element': 11, 'value': 25}, {'element': 21, 'value': 15}, {'element': 18, 'value': 11}, {'element': 489, 'value': 10}, {'element': 490, 'value': 6}, {'element': 469, 'value': 3}, {'element': 488, 'value': 2}, {'element': 504, 'value': 2}]}]",1,3,1,13,4,0
1059710,1,TRUE,TRUE,9,2019-08-11T15:30:00Z,90,FALSE,TRUE,"[{'h': [{'element': 233, 'value': 2}, {'element': 239, 'value': 1}, {'element': 243, 'value': 1}], 'identifier': 'goals_scored', 'a': []}, {'h': [{'element': 238, 'value': 2}, {'element': 246, 'value': 1}], 'identifier': 'assists', 'a': []}, {'h': [], 'identifier': 'own_goals', 'a': []}, {'h': [], 'identifier': 'penalties_saved', 'a': []}, {'h': [], 'identifier': 'penalties_missed', 'a': []}, {'h': [{'element': 225, 'value': 1}, {'element': 239, 'value': 1}, {'element': 241, 'value': 1}], 'identifier': 'yellow_cards', 'a': [{'element': 118, 'value': 1}, {'element': 119, 'value': 1}, {'element': 459, 'value': 1}, {'element': 460, 'value': 1}]}, {'h': [], 'identifier': 'red_cards', 'a': []}, {'h': [{'element': 235, 'value': 7}], 'identifier': 'saves', 'a': [{'element': 111, 'value': 1}]}, {'h': [{'element': 233, 'value': 3}, {'element': 122, 'value': 2}, {'element': 235, 'value': 2}], 'identifier': 'bonus', 'a': []}, {'h': [{'element': 233, 'value': 53}, {'element': 122, 'value': 34}, {'element': 235, 'value': 34}, {'element': 238, 'value': 30}, {'element': 160, 'value': 29}, {'element': 226, 'value': 27}, {'element': 225, 'value': 24}, {'element': 246, 'value': 22}, {'element': 243, 'value': 21}, {'element': 239, 'value': 19}, {'element': 248, 'value': 11}, {'element': 234, 'value': 3}, {'element': 242, 'value': 3}, {'element': 241, 'value': 2}], 'identifier': 'bps', 'a': [{'element': 432, 'value': 22}, {'element': 114, 'value': 18}, {'element': 108, 'value': 16}, {'element': 463, 'value': 15}, {'element': 118, 'value': 10}, {'element': 105, 'value': 9}, {'element': 111, 'value': 9}, {'element': 107, 'value': 8}, {'element': 431, 'value': 4}, {'element': 110, 'value': 2}, {'element': 117, 'value': 1}, {'element': 459, 'value': 1}, {'element': 460, 'value': 1}, {'element': 119, 'value': -1}]}]",6,4,0,12,4,4
1059712,2,TRUE,TRUE,11,2019-08-17T11:30:00Z,90,FALSE,TRUE,"[{'h': [{'element': 11, 'value': 1}, {'element': 12, 'value': 1}], 'identifier': 'goals_scored', 'a': [{'element': 90, 'value': 1}]}, {'h': [{'element': 469, 'value': 2}], 'identifier': 'assists', 'a': [{'element': 97, 'value': 1}]}, {'h': [], 'identifier': 'own_goals', 'a': []}, {'h': [], 'identifier': 'penalties_saved', 'a': []}, {'h': [], 'identifier': 'penalties_missed', 'a': []}, {'h': [{'element': 11, 'value': 1}, {'element': 106, 'value': 1}], 'identifier': 'yellow_cards', 'a': [{'element': 90, 'value': 1}]}, {'h': [], 'identifier': 'red_cards', 'a': []}, {'h': [{'element': 14, 'value': 3}], 'identifier': 'saves', 'a': [{'element': 93, 'value': 7}]}, {'h': [{'element': 469, 'value': 3}, {'element': 12, 'value': 2}, {'element': 11, 'value': 1}], 'identifier': 'bonus', 'a': []}, {'h': [{'element': 469, 'value': 38}, {'element': 12, 'value': 26}, {'element': 11, 'value': 25}, {'element': 5, 'value': 20}, {'element': 6, 'value': 18}, {'element': 14, 'value': 15}, {'element': 21, 'value': 15}, {'element': 490, 'value': 14}, {'element': 4, 'value': 13}, {'element': 106, 'value': 13}, {'element': 488, 'value': 6}, {'element': 3, 'value': 2}, {'element': 19, 'value': 2}, {'element': 489, 'value': -1}], 'identifier': 'bps', 'a': [{'element': 93, 'value': 24}, {'element': 90, 'value': 22}, {'element': 97, 'value': 18}, {'element': 447, 'value': 18}, {'element': 96, 'value': 15}, {'element': 85, 'value': 12}, {'element': 83, 'value': 10}, {'element': 101, 'value': 9}, {'element': 102, 'value': 9}, {'element': 84, 'value': 7}, {'element': 91, 'value': 6}, {'element': 430, 'value': 4}, {'element': 451, 'value': 1}]}]",5,4,1,1,2,2
1059713,2,TRUE,TRUE,12,2019-08-17T14:00:00Z,90,FALSE,TRUE,"[{'h': [{'element': 470, 'value': 1}], 'identifier': 'goals_scored', 'a': [{'element': 68, 'value': 1}, {'element': 505, 'value': 1}]}, {'h': [{'element': 29, 'value': 1}], 'identifier': 'assists', 'a': [{'element': 67, 'value': 1}]}, {'h': [], 'identifier': 'own_goals', 'a': []}, {'h': [], 'identifier': 'penalties_saved', 'a': []}, {'h': [], 'identifier': 'penalties_missed', 'a': []}, {'h': [], 'identifier': 'yellow_cards', 'a': [{'element': 59, 'value': 1}, {'element': 476, 'value': 1}]}, {'h': [], 'identifier': 'red_cards', 'a': []}, {'h': [{'element': 94, 'value': 2}], 'identifier': 'saves', 'a': [{'element': 494, 'value': 6}]}, {'h': [{'element': 22, 'value': 3}, {'element': 470, 'value': 2}, {'element': 29, 'value': 1}], 'identifier': 'bonus', 'a': [{'element': 505, 'value': 1}]}, {'h': [{'element': 22, 'value': 34}, {'element': 470, 'value': 33}, {'element': 29, 'value': 26}, {'element': 445, 'value': 15}, {'element': 24, 'value': 14}, {'element': 455, 'value': 12}, {'element': 31, 'value': 7}, {'element': 94, 'value': 7}, {'element': 428, 'value': 6}, {'element': 36, 'value': 4}, {'element': 30, 'value': 3}, {'element': 34, 'value': 2}], 'identifier': 'bps', 'a': [{'element': 505, 'value': 26}, {'element': 494, 'value': 24}, {'element': 68, 'value': 22}, {'element': 67, 'value': 16}, {'element': 60, 'value': 15}, {'element': 63, 'value': 14}, {'element': 58, 'value': 11}, {'element': 82, 'value': 11}, {'element': 59, 'value': 8}, {'element': 69, 'value': 7}, {'element': 75, 'value': 6}, {'element': 80, 'value': 3}]}]",3,2,2,2,2,1
1059714,2,TRUE,TRUE,13,2019-08-17T14:00:00Z,90,FALSE,TRUE,"[{'h': [{'element': 421, 'value': 1}], 'identifier': 'goals_scored', 'a': [{'element': 386, 'value': 1}]}, {'h': [], 'identifier': 'assists', 'a': [{'element': 391, 'value': 1}]}, {'h': [], 'identifier': 'own_goals', 'a': []}, {'h': [], 'identifier': 'penalties_saved', 'a': []}, {'h': [], 'identifier': 'penalties_missed', 'a': []}, {'h': [], 'identifier': 'yellow_cards', 'a': [{'element': 378, 'value': 1}, {'element': 395, 'value': 1}]}, {'h': [], 'identifier': 'red_cards', 'a': []}, {'h': [{'element': 47, 'value': 2}], 'identifier': 'saves', 'a': [{'element': 388, 'value': 3}]}, {'h': [{'element': 42, 'value': 1}, {'element': 49, 'value': 1}], 'identifier': 'bonus', 'a': [{'element': 391, 'value': 3}, {'element': 386, 'value': 2}]}, {'h': [{'element': 42, 'value': 21}, {'element': 49, 'value': 21}, {'element': 421, 'value': 20}, {'element': 57, 'value': 16}, {'element': 37, 'value': 13}, {'element': 55, 'value': 13}, {'element': 47, 'value': 12}, {'element': 38, 'value': 11}, {'element': 475, 'value': 9}, {'element': 54, 'value': 5}, {'element': 44, 'value': 4}, {'element': 46, 'value': 3}, {'element': 516, 'value': 3}, {'element': 502, 'value': -4}], 'identifier': 'bps', 'a': [{'element': 391, 'value': 34}, {'element': 386, 'value': 29}, {'element': 377, 'value': 17}, {'element': 388, 'value': 17}, {'element': 378, 'value': 15}, {'element': 381, 'value': 14}, {'element': 380, 'value': 9}, {'element': 395, 'value': 9}, {'element': 393, 'value': 7}, {'element': 399, 'value': 4}, {'element': 397, 'value': 3}, {'element': 392, 'value': 2}, {'element': 394, 'value': 1}]}]",19,2,1,4,2,1
1059716,2,TRUE,TRUE,15,2019-08-17T14:00:00Z,90,FALSE,TRUE,"[{'h': [{'element': 152, 'value': 1}], 'identifier': 'goals_scored', 'a': []}, {'h': [{'element': 141, 'value': 1}], 'identifier': 'assists', 'a': []}, {'h': [], 'identifier': 'own_goals', 'a': []}, {'h': [], 'identifier': 'penalties_saved', 'a': []}, {'h': [], 'identifier': 'penalties_missed', 'a': []}, {'h': [{'element': 144, 'value': 1}, {'element': 422, 'value': 1}], 'identifier': 'yellow_cards', 'a': [{'element': 353, 'value': 1}, {'element': 369, 'value': 1}, {'element': 373, 'value': 1}]}, {'h': [], 'identifier': 'red_cards', 'a': []}, {'h': [{'element': 148, 'value': 2}], 'identifier': 'saves', 'a': [{'element': 366, 'value': 1}]}, {'h': [{'element': 152, 'value': 3}, {'element': 141, 'value': 2}, {'element': 142, 'value': 1}], 'identifier': 'bonus', 'a': []}, {'h': [{'element': 152, 'value': 38}, {'element': 141, 'value': 36}, {'element': 142, 'value': 29}, {'element': 143, 'value': 27}, {'element': 148, 'value': 26}, {'element': 144, 'value': 16}, {'element': 422, 'value': 12}, {'element': 497, 'value': 8}, {'element': 151, 'value': 7}, {'element': 147, 'value': 6}, {'element': 478, 'value': 6}, {'element': 153, 'value': 1}, {'element': 496, 'value': 1}], 'identifier': 'bps', 'a': [{'element': 358, 'value': 16}, {'element': 353, 'value': 14}, {'element': 373, 'value': 12}, {'element': 363, 'value': 11}, {'element': 370, 'value': 10}, {'element': 439, 'value': 10}, {'element': 366, 'value': 9}, {'element': 357, 'value': 7}, {'element': 368, 'value': 7}, {'element': 362, 'value': 5}, {'element': 364, 'value': 4}, {'element': 371, 'value': 3}, {'element': 512, 'value': 2}, {'element': 369, 'value': -1}]}]",18,4,0,8,3,1
1059718,2,TRUE,TRUE,17,2019-08-17T14:00:00Z,90,FALSE,TRUE,"[{'h': [{'element': 278, 'value': 3}], 'identifier': 'goals_scored', 'a': [{'element': 269, 'value': 1}]}, {'h': [{'element': 287, 'value': 2}], 'identifier': 'assists', 'a': [{'element': 270, 'value': 1}]}, {'h': [], 'identifier': 'own_goals', 'a': []}, {'h': [], 'identifier': 'penalties_saved', 'a': []}, {'h': [], 'identifier': 'penalties_missed', 'a': []}, {'h': [{'element': 274, 'value': 1}], 'identifier': 'yellow_cards', 'a': [{'element': 255, 'value': 1}, {'element': 270, 'value': 1}, {'element': 466, 'value': 1}]}, {'h': [], 'identifier': 'red_cards', 'a': []}, {'h': [{'element': 280, 'value': 2}], 'identifier': 'saves', 'a': [{'element': 262, 'value': 5}]}, {'h': [{'element': 278, 'value': 3}, {'element': 287, 'value': 2}], 'identifier': 'bonus', 'a': [{'element': 269, 'value': 1}]}, {'h': [{'element': 278, 'value': 83}, {'element': 287, 'value': 33}, {'element': 276, 'value': 29}, {'element': 288, 'value': 22}, {'element': 290, 'value': 19}, {'element': 273, 'value': 18}, {'element': 277, 'value': 15}, {'element': 280, 'value': 15}, {'element': 285, 'value': 12}, {'element': 283, 'value': 11}, {'element': 274, 'value': 7}, {'element': 282, 'value': 3}, {'element': 289, 'value': 3}, {'element': 454, 'value': 3}], 'identifier': 'bps', 'a': [{'element': 269, 'value': 31}, {'element': 252, 'value': 18}, {'element': 262, 'value': 18}, {'element': 251, 'value': 12}, {'element': 271, 'value': 11}, {'element': 519, 'value': 10}, {'element': 258, 'value': 9}, {'element': 270, 'value': 9}, {'element': 268, 'value': 8}, {'element': 266, 'value': 7}, {'element': 255, 'value': 6}, {'element': 260, 'value': 2}]}]",13,2,1,14,2,3
1059720,2,TRUE,TRUE,19,2019-08-17T14:00:00Z,90,FALSE,TRUE,"[{'h': [{'element': 313, 'value': 1}], 'identifier': 'goals_scored', 'a': [{'element': 187, 'value': 1}, {'element': 192, 'value': 1}]}, {'h': [], 'identifier': 'assists', 'a': [{'element': 192, 'value': 1}, {'element': 200, 'value': 1}]}, {'h': [], 'identifier': 'own_goals', 'a': []}, {'h': [], 'identifier': 'penalties_saved', 'a': []}, {'h': [], 'identifier': 'penalties_missed', 'a': []}, {'h': [{'element': 328, 'value': 1}, {'element': 438, 'value': 1}], 'identifier': 'yellow_cards', 'a': [{'element': 182, 'value': 1}]}, {'h': [], 'identifier': 'red_cards', 'a': []}, {'h': [{'element': 319, 'value': 4}], 'identifier': 'saves', 'a': [{'element': 526, 'value': 3}]}, {'h': [{'element': 313, 'value': 1}], 'identifier': 'bonus', 'a': [{'element': 192, 'value': 3}, {'element': 187, 'value': 2}]}, {'h': [{'element': 313, 'value': 22}, {'element': 319, 'value': 16}, {'element': 321, 'value': 15}, {'element': 306, 'value': 14}, {'element': 304, 'value': 13}, {'element': 328, 'value': 12}, {'element': 307, 'value': 10}, {'element': 325, 'value': 10}, {'element': 310, 'value': 7}, {'element': 305, 'value': 6}, {'element': 320, 'value': 6}, {'element': 323, 'value': 4}, {'element': 437, 'value': 4}], 'identifier': 'bps', 'a': [{'element': 192, 'value': 45}, {'element': 187, 'value': 31}, {'element': 200, 'value': 18}, {'element': 183, 'value': 16}, {'element': 181, 'value': 14}, {'element': 185, 'value': 14}, {'element': 193, 'value': 14}, {'element': 199, 'value': 12}, {'element': 526, 'value': 12}, {'element': 182, 'value': 7}, {'element': 197, 'value': 6}, {'element': 188, 'value': 3}, {'element': 198, 'value': 3}]}]",10,2,2,16,4,1
1059717,2,TRUE,TRUE,16,2019-08-17T16:30:00Z,90,FALSE,TRUE,"[{'h': [{'element': 210, 'value': 1}, {'element': 214, 'value': 1}], 'identifier': 'goals_scored', 'a': [{'element': 345, 'value': 1}, {'element': 346, 'value': 1}]}, {'h': [{'element': 215, 'value': 2}], 'identifier': 'assists', 'a': [{'element': 346, 'value': 1}, {'element': 442, 'value': 1}]}, {'h': [], 'identifier': 'own_goals', 'a': []}, {'h': [], 'identifier': 'penalties_saved', 'a': []}, {'h': [], 'identifier': 'penalties_missed', 'a': []}, {'h': [{'element': 214, 'value': 1}], 'identifier': 'yellow_cards', 'a': []}, {'h': [], 'identifier': 'red_cards', 'a': []}, {'h': [], 'identifier': 'saves', 'a': [{'element': 340, 'value': 8}]}, {'h': [{'element': 215, 'value': 3}], 'identifier': 'bonus', 'a': [{'element': 346, 'value': 2}, {'element': 442, 'value': 1}]}, {'h': [{'element': 215, 'value': 44}, {'element': 210, 'value': 27}, {'element': 203, 'value': 20}, {'element': 214, 'value': 20}, {'element': 206, 'value': 16}, {'element': 222, 'value': 16}, {'element': 443, 'value': 16}, {'element': 202, 'value': 15}, {'element': 212, 'value': 14}, {'element': 208, 'value': 13}, {'element': 218, 'value': 7}, {'element': 211, 'value': 3}, {'element': 219, 'value': 2}, {'element': 217, 'value': 1}], 'identifier': 'bps', 'a': [{'element': 346, 'value': 38}, {'element': 442, 'value': 31}, {'element': 340, 'value': 28}, {'element': 345, 'value': 23}, {'element': 333, 'value': 19}, {'element': 331, 'value': 16}, {'element': 337, 'value': 12}, {'element': 349, 'value': 12}, {'element': 343, 'value': 11}, {'element': 347, 'value': 10}, {'element': 332, 'value': 8}, {'element': 338, 'value': 4}, {'element': 352, 'value': 3}, {'element': 523, 'value': 3}]}]",17,5,2,11,4,2
1059719,2,TRUE,TRUE,18,2019-08-18T13:00:00Z,90,FALSE,TRUE,"[{'h': [{'element': 297, 'value': 1}], 'identifier': 'goals_scored', 'a': []}, {'h': [], 'identifier': 'assists', 'a': []}, {'h': [], 'identifier': 'own_goals', 'a': []}, {'h': [], 'identifier': 'penalties_saved', 'a': []}, {'h': [], 'identifier': 'penalties_missed', 'a': []}, {'h': [{'element': 294, 'value': 1}, {'element': 297, 'value': 1}, {'element': 441, 'value': 1}], 'identifier': 'yellow_cards', 'a': [{'element': 157, 'value': 1}]}, {'h': [], 'identifier': 'red_cards', 'a': []}, {'h': [{'element': 471, 'value': 4}], 'identifier': 'saves', 'a': [{'element': 131, 'value': 2}]}, {'h': [{'element': 297, 'value': 3}, {'element': 471, 'value': 2}, {'element': 291, 'value': 1}], 'identifier': 'bonus', 'a': []}, {'h': [{'element': 297, 'value': 41}, {'element': 471, 'value': 29}, {'element': 291, 'value': 27}, {'element': 423, 'value': 25}, {'element': 293, 'value': 23}, {'element': 295, 'value': 18}, {'element': 294, 'value': 17}, {'element': 302, 'value': 17}, {'element': 303, 'value': 4}, {'element': 444, 'value': 4}, {'element': 301, 'value': 3}, {'element': 441, 'value': 2}, {'element': 501, 'value': 1}, {'element': 453, 'value': -1}], 'identifier': 'bps', 'a': [{'element': 127, 'value': 17}, {'element': 131, 'value': 16}, {'element': 126, 'value': 15}, {'element': 128, 'value': 15}, {'element': 135, 'value': 13}, {'element': 129, 'value': 11}, {'element': 138, 'value': 11}, {'element': 123, 'value': 8}, {'element': 136, 'value': 8}, {'element': 134, 'value': 7}, {'element': 130, 'value': 2}, {'element': 157, 'value': 2}]}]",7,2,0,15,3,1
1059715,2,TRUE,TRUE,14,2019-08-18T15:30:00Z,90,FALSE,TRUE,"[{'h': [{'element': 463, 'value': 1}], 'identifier': 'goals_scored', 'a': [{'element': 176, 'value': 1}]}, {'h': [], 'identifier': 'assists', 'a': [{'element': 171, 'value': 1}]}, {'h': [], 'identifier': 'own_goals', 'a': []}, {'h': [], 'identifier': 'penalties_saved', 'a': []}, {'h': [], 'identifier': 'penalties_missed', 'a': []}, {'h': [{'element': 118, 'value': 1}], 'identifier': 'yellow_cards', 'a': []}, {'h': [], 'identifier': 'red_cards', 'a': []}, {'h': [{'element': 111, 'value': 2}], 'identifier': 'saves', 'a': [{'element': 168, 'value': 4}]}, {'h': [{'element': 463, 'value': 3}], 'identifier': 'bonus', 'a': [{'element': 176, 'value': 3}, {'element': 162, 'value': 1}]}, {'h': [{'element': 463, 'value': 27}, {'element': 111, 'value': 18}, {'element': 107, 'value': 17}, {'element': 108, 'value': 17}, {'element': 105, 'value': 13}, {'element': 459, 'value': 12}, {'element': 110, 'value': 11}, {'element': 114, 'value': 8}, {'element': 119, 'value': 8}, {'element': 432, 'value': 4}, {'element': 113, 'value': 3}, {'element': 118, 'value': 3}, {'element': 431, 'value': 3}, {'element': 460, 'value': 2}], 'identifier': 'bps', 'a': [{'element': 176, 'value': 27}, {'element': 162, 'value': 19}, {'element': 168, 'value': 18}, {'element': 164, 'value': 15}, {'element': 159, 'value': 11}, {'element': 171, 'value': 11}, {'element': 163, 'value': 10}, {'element': 180, 'value': 8}, {'element': 265, 'value': 8}, {'element': 517, 'value': 8}, {'element': 448, 'value': 6}, {'element': 174, 'value': 4}, {'element': 166, 'value': -3}]}]",9,4,1,6,3,1
1059721,2,TRUE,TRUE,20,2019-08-19T19:00:00Z,90,FALSE,TRUE,"[{'h': [{'element': 414, 'value': 1}], 'identifier': 'goals_scored', 'a': [{'element': 239, 'value': 1}]}, {'h': [{'element': 415, 'value': 1}], 'identifier': 'assists', 'a': [{'element': 233, 'value': 1}]}, {'h': [], 'identifier': 'own_goals', 'a': []}, {'h': [{'element': 411, 'value': 1}], 'identifier': 'penalties_saved', 'a': []}, {'h': [], 'identifier': 'penalties_missed', 'a': [{'element': 238, 'value': 1}]}, {'h': [{'element': 404, 'value': 1}, {'element': 414, 'value': 1}], 'identifier': 'yellow_cards', 'a': [{'element': 122, 'value': 1}, {'element': 243, 'value': 1}]}, {'h': [], 'identifier': 'red_cards', 'a': []}, {'h': [{'element': 411, 'value': 1}], 'identifier': 'saves', 'a': [{'element': 235, 'value': 1}]}, {'h': [{'element': 415, 'value': 3}, {'element': 411, 'value': 2}, {'element': 414, 'value': 1}], 'identifier': 'bonus', 'a': [{'element': 233, 'value': 1}]}, {'h': [{'element': 415, 'value': 27}, {'element': 411, 'value': 25}, {'element': 414, 'value': 22}, {'element': 402, 'value': 11}, {'element': 404, 'value': 11}, {'element': 405, 'value': 10}, {'element': 403, 'value': 6}, {'element': 409, 'value': 6}, {'element': 417, 'value': 4}, {'element': 420, 'value': 4}, {'element': 401, 'value': 3}, {'element': 487, 'value': 2}, {'element': 528, 'value': 1}, {'element': 410, 'value': -2}], 'identifier': 'bps', 'a': [{'element': 233, 'value': 22}, {'element': 160, 'value': 20}, {'element': 239, 'value': 20}, {'element': 122, 'value': 19}, {'element': 226, 'value': 19}, {'element': 225, 'value': 14}, {'element': 235, 'value': 11}, {'element': 241, 'value': 9}, {'element': 248, 'value': 9}, {'element': 243, 'value': 6}, {'element': 234, 'value': 5}, {'element': 238, 'value': 4}, {'element': 242, 'value': 3}, {'element': 246, 'value': 2}]}]",12,3,1,20,4,1
1059723,3,FALSE,FALSE,21,2019-08-23T19:00:00Z,0,FALSE,FALSE,[],8,2,,2,2,
1059727,3,FALSE,FALSE,26,2019-08-24T11:30:00Z,0,FALSE,FALSE,[],6,2,,14,4,
1059724,3,FALSE,FALSE,23,2019-08-24T14:00:00Z,0,FALSE,FALSE,[],16,2,,4,2,
1059726,3,FALSE,FALSE,25,2019-08-24T14:00:00Z,0,FALSE,FALSE,[],7,4,,12,3,
1059728,3,FALSE,FALSE,27,2019-08-24T14:00:00Z,0,FALSE,FALSE,[],9,2,,15,3,
1059730,3,FALSE,FALSE,29,2019-08-24T14:00:00Z,0,FALSE,FALSE,[],19,3,,18,2,
1059725,3,FALSE,FALSE,24,2019-08-24T16:30:00Z,0,FALSE,FALSE,[],1,5,,10,4,
1059722,3,FALSE,FALSE,22,2019-08-25T13:00:00Z,0,FALSE,FALSE,[],11,3,,3,4,
1059729,3,FALSE,FALSE,28,2019-08-25T15:30:00Z,0,FALSE,FALSE,[],13,4,,17,2,
1059731,3,FALSE,FALSE,30,2019-08-25T15:30:00Z,0,FALSE,FALSE,[],5,3,,20,2,
1059740,4,FALSE,FALSE,39,2019-08-31T11:30:00Z,0,FALSE,FALSE,[],12,2,,16,4,
1059734,4,FALSE,FALSE,33,2019-08-31T14:00:00Z,0,FALSE,FALSE,[],15,4,,6,2,
1059735,4,FALSE,FALSE,34,2019-08-31T14:00:00Z,0,FALSE,FALSE,[],2,2,,7,2,
1059737,4,FALSE,FALSE,36,2019-08-31T14:00:00Z,0,FALSE,FALSE,[],3,3,,9,2,
1059738,4,FALSE,FALSE,37,2019-08-31T14:00:00Z,0,FALSE,FALSE,[],4,5,,11,2,
1059739,4,FALSE,FALSE,38,2019-08-31T14:00:00Z,0,FALSE,FALSE,[],18,3,,13,3,
1059741,4,FALSE,FALSE,40,2019-08-31T14:00:00Z,0,FALSE,FALSE,[],14,3,,19,2,
1059733,4,FALSE,FALSE,32,2019-08-31T16:30:00Z,0,FALSE,FALSE,[],10,2,,5,4,
1059736,4,FALSE,FALSE,35,2019-09-01T13:00:00Z,0,FALSE,FALSE,[],20,4,,8,3,
1059732,4,FALSE,FALSE,31,2019-09-01T15:30:00Z,0,FALSE,FALSE,[],17,4,,1,4,
1059745,5,FALSE,FALSE,44,2019-09-14T11:30:00Z,0,FALSE,FALSE,[],13,5,,10,2,
1059744,5,FALSE,FALSE,43,2019-09-14T14:00:00Z,0,FALSE,FALSE,[],5,2,,4,2,
1059746,5,FALSE,FALSE,45,2019-09-14T14:00:00Z,0,FALSE,FALSE,[],9,4,,12,3,
1059748,5,FALSE,FALSE,47,2019-09-14T14:00:00Z,0,FALSE,FALSE,[],16,2,,15,2,
1059749,5,FALSE,FALSE,48,2019-09-14T14:00:00Z,0,FALSE,FALSE,[],7,4,,17,3,
1059751,5,FALSE,FALSE,50,2019-09-14T14:00:00Z,0,FALSE,FALSE,[],6,3,,20,4,
1059747,5,FALSE,FALSE,46,2019-09-14T16:30:00Z,0,FALSE,FALSE,[],11,2,,14,4,
1059742,5,FALSE,FALSE,42,2019-09-15T13:00:00Z,0,FALSE,FALSE,[],8,3,,3,2,
1059750,5,FALSE,FALSE,49,2019-09-15T15:30:00Z,0,FALSE,FALSE,[],1,3,,18,4,
1059743,5,FALSE,FALSE,41,2019-09-16T19:00:00Z,0,FALSE,FALSE,[],19,2,,2,2,
1059760,6,FALSE,FALSE,59,2019-09-20T19:00:00Z,0,FALSE,FALSE,[],3,2,,16,2,
1059757,6,FALSE,FALSE,56,2019-09-21T11:30:00Z,0,FALSE,FALSE,[],17,3,,9,4,
1059753,6,FALSE,FALSE,52,2019-09-21T14:00:00Z,0,FALSE,FALSE,[],14,2,,5,2,
1059755,6,FALSE,FALSE,54,2019-09-21T14:00:00Z,0,FALSE,FALSE,[],20,2,,7,3,
1059756,6,FALSE,FALSE,55,2019-09-21T14:00:00Z,0,FALSE,FALSE,[],15,4,,8,2,
1059758,6,FALSE,FALSE,57,2019-09-21T14:00:00Z,0,FALSE,FALSE,[],18,5,,11,3,
1059759,6,FALSE,FALSE,58,2019-09-21T16:30:00Z,0,FALSE,FALSE,[],4,3,,13,2,
1059761,6,FALSE,FALSE,60,2019-09-22T13:00:00Z,0,FALSE,FALSE,[],12,3,,19,4,
1059752,6,FALSE,FALSE,51,2019-09-22T15:30:00Z,0,FALSE,FALSE,[],2,4,,1,2,
1059754,6,FALSE,FALSE,53,2019-09-22T15:30:00Z,0,FALSE,FALSE,[],10,4,,6,4,
1059769,7,FALSE,FALSE,68,2019-09-28T11:30:00Z,0,FALSE,FALSE,[],10,2,,15,4,
1059763,7,FALSE,FALSE,61,2019-09-28T14:00:00Z,0,FALSE,FALSE,[],5,2,,2,2,
1059762,7,FALSE,FALSE,62,2019-09-28T14:00:00Z,0,FALSE,FALSE,[],19,3,,3,2,
1059764,7,FALSE,FALSE,63,2019-09-28T14:00:00Z,0,FALSE,FALSE,[],4,4,,6,2,
1059765,7,FALSE,FALSE,64,2019-09-28T14:00:00Z,0,FALSE,FALSE,[],14,2,,7,2,
1059770,7,FALSE,FALSE,69,2019-09-28T14:00:00Z,0,FALSE,FALSE,[],16,4,,17,2,
1059771,7,FALSE,FALSE,70,2019-09-28T14:00:00Z,0,FALSE,FALSE,[],18,3,,20,3,
1059767,7,FALSE,FALSE,66,2019-09-28T16:30:00Z,0,FALSE,FALSE,[],13,3,,9,2,
1059766,7,FALSE,FALSE,65,2019-09-29T15:30:00Z,0,FALSE,FALSE,[],11,4,,8,4,
1059768,7,FALSE,FALSE,67,2019-09-30T19:00:00Z,0,FALSE,FALSE,[],1,4,,12,4,
1059773,8,FALSE,FALSE,72,2019-10-05T11:30:00Z,0,FALSE,FALSE,[],17,2,,4,4,
1059774,8,FALSE,FALSE,73,2019-10-05T14:00:00Z,0,FALSE,FALSE,[],8,2,,5,2,
1059775,8,FALSE,FALSE,74,2019-10-05T14:00:00Z,0,FALSE,FALSE,[],9,5,,10,3,
1059776,8,FALSE,FALSE,75,2019-10-05T14:00:00Z,0,FALSE,FALSE,[],20,5,,11,3,
1059778,8,FALSE,FALSE,77,2019-10-05T14:00:00Z,0,FALSE,FALSE,[],2,2,,14,2,
1059780,8,FALSE,FALSE,79,2019-10-05T14:00:00Z,0,FALSE,FALSE,[],15,3,,18,2,
1059781,8,FALSE,FALSE,80,2019-10-05T16:30:00Z,0,FALSE,FALSE,[],7,3,,19,3,
1059779,8,FALSE,FALSE,78,2019-10-06T13:00:00Z,0,FALSE,FALSE,[],6,2,,16,4,
1059772,8,FALSE,FALSE,71,2019-10-06T15:30:00Z,0,FALSE,FALSE,[],3,4,,1,2,
1059777,8,FALSE,FALSE,76,2019-10-06T15:30:00Z,0,FALSE,FALSE,[],12,3,,13,4,
1059786,9,FALSE,FALSE,85,2019-10-19T11:30:00Z,0,FALSE,FALSE,[],19,4,,8,2,
1059783,9,FALSE,FALSE,81,2019-10-19T14:00:00Z,0,FALSE,FALSE,[],4,2,,2,2,
1059782,9,FALSE,FALSE,82,2019-10-19T14:00:00Z,0,FALSE,FALSE,[],14,3,,3,2,
1059784,9,FALSE,FALSE,83,2019-10-19T14:00:00Z,0,FALSE,FALSE,[],13,4,,6,2,
1059787,9,FALSE,FALSE,86,2019-10-19T14:00:00Z,0,FALSE,FALSE,[],5,3,,9,2,
1059790,9,FALSE,FALSE,89,2019-10-19T14:00:00Z,0,FALSE,FALSE,[],18,4,,17,3,
1059791,9,FALSE,FALSE,90,2019-10-19T14:00:00Z,0,FALSE,FALSE,[],16,3,,20,2,
1059788,9,FALSE,FALSE,87,2019-10-19T16:30:00Z,0,FALSE,FALSE,[],10,4,,12,4,
1059785,9,FALSE,FALSE,84,2019-10-20T15:30:00Z,0,FALSE,FALSE,[],11,2,,7,4,
1059789,9,FALSE,FALSE,88,2019-10-21T19:00:00Z,0,FALSE,FALSE,[],1,2,,15,4,
1059799,10,FALSE,FALSE,98,2019-10-25T19:00:00Z,0,FALSE,FALSE,[],9,2,,16,3,
1059796,10,FALSE,FALSE,95,2019-10-26T11:30:00Z,0,FALSE,FALSE,[],2,5,,11,2,
1059793,10,FALSE,FALSE,92,2019-10-26T14:00:00Z,0,FALSE,FALSE,[],8,2,,4,2,
1059800,10,FALSE,FALSE,99,2019-10-26T14:00:00Z,0,FALSE,FALSE,[],3,3,,18,2,
1059801,10,FALSE,FALSE,100,2019-10-26T14:00:00Z,0,FALSE,FALSE,[],15,3,,19,2,
1059794,10,FALSE,FALSE,93,2019-10-26T16:30:00Z,0,FALSE,FALSE,[],6,2,,5,4,
1059797,10,FALSE,FALSE,96,2019-10-27T14:00:00Z,0,FALSE,FALSE,[],20,3,,13,3,
1059792,10,FALSE,FALSE,91,2019-10-27T16:30:00Z,0,FALSE,FALSE,[],7,4,,1,3,
1059795,10,FALSE,FALSE,94,2019-10-27T16:30:00Z,0,FALSE,FALSE,[],17,5,,10,4,
1059798,10,FALSE,FALSE,97,2019-10-27T16:30:00Z,0,FALSE,FALSE,[],12,2,,14,4,
1059803,11,FALSE,FALSE,101,2019-11-02T15:00:00Z,0,FALSE,FALSE,[],20,4,,1,3,
1059804,11,FALSE,FALSE,102,2019-11-02T15:00:00Z,0,FALSE,FALSE,[],10,2,,2,4,
1059802,11,FALSE,FALSE,103,2019-11-02T15:00:00Z,0,FALSE,FALSE,[],12,3,,3,4,
1059805,11,FALSE,FALSE,104,2019-11-02T15:00:00Z,0,FALSE,FALSE,[],14,2,,4,2,
1059806,11,FALSE,FALSE,105,2019-11-02T15:00:00Z,0,FALSE,FALSE,[],9,2,,7,3,
1059807,11,FALSE,FALSE,106,2019-11-02T15:00:00Z,0,FALSE,FALSE,[],17,4,,8,4,
1059808,11,FALSE,FALSE,107,2019-11-02T15:00:00Z,0,FALSE,FALSE,[],16,5,,11,2,
1059809,11,FALSE,FALSE,108,2019-11-02T15:00:00Z,0,FALSE,FALSE,[],5,2,,15,2,
1059810,11,FALSE,FALSE,109,2019-11-02T15:00:00Z,0,FALSE,FALSE,[],6,3,,18,4,
1059811,11,FALSE,FALSE,110,2019-11-02T15:00:00Z,0,FALSE,FALSE,[],13,3,,19,2,
1059812,12,FALSE,FALSE,111,2019-11-09T15:00:00Z,0,FALSE,FALSE,[],19,2,,5,2,
1059813,12,FALSE,FALSE,112,2019-11-09T15:00:00Z,0,FALSE,FALSE,[],7,4,,6,3,
1059815,12,FALSE,FALSE,114,2019-11-09T15:00:00Z,0,FALSE,FALSE,[],11,5,,10,4,
1059817,12,FALSE,FALSE,116,2019-11-09T15:00:00Z,0,FALSE,FALSE,[],3,3,,13,2,
1059818,12,FALSE,FALSE,117,2019-11-09T15:00:00Z,0,FALSE,FALSE,[],18,2,,14,3,
1059819,12,FALSE,FALSE,118,2019-11-09T15:00:00Z,0,FALSE,FALSE,[],8,2,,16,2,
1059820,12,FALSE,FALSE,119,2019-11-09T15:00:00Z,0,FALSE,FALSE,[],15,4,,17,2,
1059821,12,FALSE,FALSE,120,2019-11-09T15:00:00Z,0,FALSE,FALSE,[],2,3,,20,2,
1059814,12,FALSE,FALSE,113,2019-11-10T15:00:00Z,0,FALSE,FALSE,[],1,3,,9,4,
1059816,12,FALSE,FALSE,115,2019-11-10T15:00:00Z,0,FALSE,FALSE,[],4,4,,12,2,
1059823,13,FALSE,FALSE,121,2019-11-23T15:00:00Z,0,FALSE,FALSE,[],16,4,,1,2,
1059824,13,FALSE,FALSE,122,2019-11-23T15:00:00Z,0,FALSE,FALSE,[],13,2,,2,2,
1059822,13,FALSE,FALSE,123,2019-11-23T15:00:00Z,0,FALSE,FALSE,[],20,3,,3,3,
1059825,13,FALSE,FALSE,124,2019-11-23T15:00:00Z,0,FALSE,FALSE,[],9,2,,4,3,
1059826,13,FALSE,FALSE,125,2019-11-23T15:00:00Z,0,FALSE,FALSE,[],10,2,,7,4,
1059827,13,FALSE,FALSE,126,2019-11-23T15:00:00Z,0,FALSE,FALSE,[],14,4,,8,2,
1059828,13,FALSE,FALSE,127,2019-11-23T15:00:00Z,0,FALSE,FALSE,[],6,5,,11,4,
1059829,13,FALSE,FALSE,128,2019-11-23T15:00:00Z,0,FALSE,FALSE,[],12,2,,15,4,
1059830,13,FALSE,FALSE,129,2019-11-23T15:00:00Z,0,FALSE,FALSE,[],5,3,,18,2,
1059831,13,FALSE,FALSE,130,2019-11-23T15:00:00Z,0,FALSE,FALSE,[],17,3,,19,4,
1059832,14,FALSE,FALSE,131,2019-11-30T15:00:00Z,0,FALSE,FALSE,[],7,2,,5,3,
1059833,14,FALSE,FALSE,132,2019-11-30T15:00:00Z,0,FALSE,FALSE,[],19,4,,6,2,
1059834,14,FALSE,FALSE,133,2019-11-30T15:00:00Z,0,FALSE,FALSE,[],8,3,,9,2,
1059835,14,FALSE,FALSE,134,2019-11-30T15:00:00Z,0,FALSE,FALSE,[],4,5,,10,2,
1059837,14,FALSE,FALSE,136,2019-11-30T15:00:00Z,0,FALSE,FALSE,[],11,3,,13,4,
1059839,14,FALSE,FALSE,138,2019-11-30T15:00:00Z,0,FALSE,FALSE,[],18,2,,16,3,
1059840,14,FALSE,FALSE,139,2019-11-30T15:00:00Z,0,FALSE,FALSE,[],3,4,,17,2,
1059841,14,FALSE,FALSE,140,2019-11-30T15:00:00Z,0,FALSE,FALSE,[],15,3,,20,2,
1059836,14,FALSE,FALSE,135,2019-12-01T15:00:00Z,0,FALSE,FALSE,[],2,4,,12,2,
1059838,14,FALSE,FALSE,137,2019-12-01T15:00:00Z,0,FALSE,FALSE,[],1,2,,14,4,
1059842,15,FALSE,FALSE,141,2019-12-03T19:45:00Z,0,FALSE,FALSE,[],4,4,,1,2,
1059843,15,FALSE,FALSE,142,2019-12-03T19:45:00Z,0,FALSE,FALSE,[],11,2,,5,4,
1059844,15,FALSE,FALSE,143,2019-12-03T19:45:00Z,0,FALSE,FALSE,[],18,3,,9,3,
1059846,15,FALSE,FALSE,145,2019-12-03T19:45:00Z,0,FALSE,FALSE,[],13,2,,15,2,
1059847,15,FALSE,FALSE,146,2019-12-03T19:45:00Z,0,FALSE,FALSE,[],19,3,,20,2,
1059845,15,FALSE,FALSE,144,2019-12-03T20:00:00Z,0,FALSE,FALSE,[],17,4,,12,4,
1059848,15,FALSE,FALSE,147,2019-12-04T19:45:00Z,0,FALSE,FALSE,[],2,4,,6,2,
1059851,15,FALSE,FALSE,150,2019-12-04T19:45:00Z,0,FALSE,FALSE,[],14,2,,16,2,
1059849,15,FALSE,FALSE,148,2019-12-04T20:00:00Z,0,FALSE,FALSE,[],3,2,,7,2,
1059850,15,FALSE,FALSE,149,2019-12-04T20:00:00Z,0,FALSE,FALSE,[],8,5,,10,2,
1059853,16,FALSE,FALSE,151,2019-12-07T15:00:00Z,0,FALSE,FALSE,[],9,2,,2,3,
1059852,16,FALSE,FALSE,152,2019-12-07T15:00:00Z,0,FALSE,FALSE,[],10,3,,3,4,
1059854,16,FALSE,FALSE,153,2019-12-07T15:00:00Z,0,FALSE,FALSE,[],20,2,,4,3,
1059855,16,FALSE,FALSE,154,2019-12-07T15:00:00Z,0,FALSE,FALSE,[],6,4,,8,4,
1059856,16,FALSE,FALSE,155,2019-12-07T15:00:00Z,0,FALSE,FALSE,[],12,5,,11,4,
1059857,16,FALSE,FALSE,156,2019-12-07T15:00:00Z,0,FALSE,FALSE,[],16,3,,13,2,
1059858,16,FALSE,FALSE,157,2019-12-07T15:00:00Z,0,FALSE,FALSE,[],15,2,,14,2,
1059859,16,FALSE,FALSE,158,2019-12-07T15:00:00Z,0,FALSE,FALSE,[],5,4,,17,2,
1059860,16,FALSE,FALSE,159,2019-12-07T15:00:00Z,0,FALSE,FALSE,[],7,3,,18,3,
1059861,16,FALSE,FALSE,160,2019-12-07T15:00:00Z,0,FALSE,FALSE,[],1,3,,19,4,
1059862,17,FALSE,FALSE,161,2019-12-14T15:00:00Z,0,FALSE,FALSE,[],11,4,,1,4,
1059863,17,FALSE,FALSE,162,2019-12-14T15:00:00Z,0,FALSE,FALSE,[],13,2,,5,2,
1059864,17,FALSE,FALSE,163,2019-12-14T15:00:00Z,0,FALSE,FALSE,[],3,4,,6,2,
1059865,17,FALSE,FALSE,164,2019-12-14T15:00:00Z,0,FALSE,FALSE,[],4,2,,7,2,
1059866,17,FALSE,FALSE,165,2019-12-14T15:00:00Z,0,FALSE,FALSE,[],14,3,,9,2,
1059867,17,FALSE,FALSE,166,2019-12-14T15:00:00Z,0,FALSE,FALSE,[],18,5,,10,3,
1059868,17,FALSE,FALSE,167,2019-12-14T15:00:00Z,0,FALSE,FALSE,[],8,4,,12,2,
1059869,17,FALSE,FALSE,168,2019-12-14T15:00:00Z,0,FALSE,FALSE,[],2,2,,15,2,
1059870,17,FALSE,FALSE,169,2019-12-14T15:00:00Z,0,FALSE,FALSE,[],19,2,,16,2,
1059871,17,FALSE,FALSE,170,2019-12-14T15:00:00Z,0,FALSE,FALSE,[],17,3,,20,4,
1059873,18,FALSE,FALSE,171,2019-12-21T15:00:00Z,0,FALSE,FALSE,[],16,2,,2,2,
1059872,18,FALSE,FALSE,172,2019-12-21T15:00:00Z,0,FALSE,FALSE,[],5,3,,3,2,
1059874,18,FALSE,FALSE,173,2019-12-21T15:00:00Z,0,FALSE,FALSE,[],15,2,,4,2,
1059875,18,FALSE,FALSE,174,2019-12-21T15:00:00Z,0,FALSE,FALSE,[],1,4,,8,4,
1059876,18,FALSE,FALSE,175,2019-12-21T15:00:00Z,0,FALSE,FALSE,[],9,5,,11,3,
1059877,18,FALSE,FALSE,176,2019-12-21T15:00:00Z,0,FALSE,FALSE,[],7,3,,13,3,
1059878,18,FALSE,FALSE,177,2019-12-21T15:00:00Z,0,FALSE,FALSE,[],20,2,,14,3,
1059879,18,FALSE,FALSE,178,2019-12-21T15:00:00Z,0,FALSE,FALSE,[],6,4,,17,4,
1059880,18,FALSE,FALSE,179,2019-12-21T15:00:00Z,0,FALSE,FALSE,[],12,3,,18,4,
1059881,18,FALSE,FALSE,180,2019-12-21T15:00:00Z,0,FALSE,FALSE,[],10,3,,19,4,
1059883,19,FALSE,FALSE,181,2019-12-26T15:00:00Z,0,FALSE,FALSE,[],14,2,,2,2,
1059882,19,FALSE,FALSE,182,2019-12-26T15:00:00Z,0,FALSE,FALSE,[],1,3,,3,4,
1059884,19,FALSE,FALSE,183,2019-12-26T15:00:00Z,0,FALSE,FALSE,[],16,4,,6,2,
1059885,19,FALSE,FALSE,184,2019-12-26T15:00:00Z,0,FALSE,FALSE,[],19,2,,7,2,
1059886,19,FALSE,FALSE,185,2019-12-26T15:00:00Z,0,FALSE,FALSE,[],5,4,,8,2,
1059887,19,FALSE,FALSE,186,2019-12-26T15:00:00Z,0,FALSE,FALSE,[],10,3,,9,4,
1059888,19,FALSE,FALSE,187,2019-12-26T15:00:00Z,0,FALSE,FALSE,[],13,4,,12,2,
1059889,19,FALSE,FALSE,188,2019-12-26T15:00:00Z,0,FALSE,FALSE,[],18,2,,15,3,
1059890,19,FALSE,FALSE,189,2019-12-26T15:00:00Z,0,FALSE,FALSE,[],4,4,,17,2,
1059891,19,FALSE,FALSE,190,2019-12-26T15:00:00Z,0,FALSE,FALSE,[],11,3,,20,4,
1059892,20,FALSE,FALSE,191,2019-12-28T15:00:00Z,0,FALSE,FALSE,[],6,4,,1,4,
1059893,20,FALSE,FALSE,192,2019-12-28T15:00:00Z,0,FALSE,FALSE,[],3,2,,4,2,
1059894,20,FALSE,FALSE,193,2019-12-28T15:00:00Z,0,FALSE,FALSE,[],12,2,,5,4,
1059895,20,FALSE,FALSE,194,2019-12-28T15:00:00Z,0,FALSE,FALSE,[],20,5,,10,3,
1059896,20,FALSE,FALSE,195,2019-12-28T15:00:00Z,0,FALSE,FALSE,[],15,5,,11,2,
1059897,20,FALSE,FALSE,196,2019-12-28T15:00:00Z,0,FALSE,FALSE,[],8,3,,13,2,
1059898,20,FALSE,FALSE,197,2019-12-28T15:00:00Z,0,FALSE,FALSE,[],17,2,,14,4,
1059899,20,FALSE,FALSE,198,2019-12-28T15:00:00Z,0,FALSE,FALSE,[],7,2,,16,3,
1059900,20,FALSE,FALSE,199,2019-12-28T15:00:00Z,0,FALSE,FALSE,[],2,3,,18,2,
1059901,20,FALSE,FALSE,200,2019-12-28T15:00:00Z,0,FALSE,FALSE,[],9,3,,19,3,
1059902,21,FALSE,FALSE,201,2020-01-01T15:00:00Z,0,FALSE,FALSE,[],12,4,,1,4,
1059903,21,FALSE,FALSE,202,2020-01-01T15:00:00Z,0,FALSE,FALSE,[],6,2,,4,4,
1059904,21,FALSE,FALSE,203,2020-01-01T15:00:00Z,0,FALSE,FALSE,[],2,2,,5,2,
1059905,21,FALSE,FALSE,204,2020-01-01T15:00:00Z,0,FALSE,FALSE,[],15,5,,10,2,
1059906,21,FALSE,FALSE,205,2020-01-01T15:00:00Z,0,FALSE,FALSE,[],8,5,,11,2,
1059907,21,FALSE,FALSE,206,2020-01-01T15:00:00Z,0,FALSE,FALSE,[],9,3,,13,3,
1059908,21,FALSE,FALSE,207,2020-01-01T15:00:00Z,0,FALSE,FALSE,[],7,2,,14,3,
1059909,21,FALSE,FALSE,208,2020-01-01T15:00:00Z,0,FALSE,FALSE,[],17,2,,16,4,
1059910,21,FALSE,FALSE,209,2020-01-01T15:00:00Z,0,FALSE,FALSE,[],20,3,,18,3,
1059911,21,FALSE,FALSE,210,2020-01-01T15:00:00Z,0,FALSE,FALSE,[],3,3,,19,2,
1059913,22,FALSE,FALSE,211,2020-01-11T15:00:00Z,0,FALSE,FALSE,[],11,2,,2,4,
1059912,22,FALSE,FALSE,212,2020-01-11T15:00:00Z,0,FALSE,FALSE,[],18,3,,3,3,
1059914,22,FALSE,FALSE,213,2020-01-11T15:00:00Z,0,FALSE,FALSE,[],5,4,,6,2,
1059915,22,FALSE,FALSE,214,2020-01-11T15:00:00Z,0,FALSE,FALSE,[],1,2,,7,4,
1059916,22,FALSE,FALSE,215,2020-01-11T15:00:00Z,0,FALSE,FALSE,[],4,4,,8,2,
1059917,22,FALSE,FALSE,216,2020-01-11T15:00:00Z,0,FALSE,FALSE,[],16,3,,9,2,
1059918,22,FALSE,FALSE,217,2020-01-11T15:00:00Z,0,FALSE,FALSE,[],14,4,,12,2,
1059919,22,FALSE,FALSE,218,2020-01-11T15:00:00Z,0,FALSE,FALSE,[],19,2,,15,2,
1059920,22,FALSE,FALSE,219,2020-01-11T15:00:00Z,0,FALSE,FALSE,[],10,4,,17,4,
1059921,22,FALSE,FALSE,220,2020-01-11T15:00:00Z,0,FALSE,FALSE,[],13,3,,20,2,
1059922,23,FALSE,FALSE,221,2020-01-18T15:00:00Z,0,FALSE,FALSE,[],15,4,,1,2,
1059923,23,FALSE,FALSE,222,2020-01-18T15:00:00Z,0,FALSE,FALSE,[],2,2,,4,2,
1059924,23,FALSE,FALSE,223,2020-01-18T15:00:00Z,0,FALSE,FALSE,[],9,2,,5,3,
1059925,23,FALSE,FALSE,224,2020-01-18T15:00:00Z,0,FALSE,FALSE,[],12,5,,10,4,
1059926,23,FALSE,FALSE,225,2020-01-18T15:00:00Z,0,FALSE,FALSE,[],7,5,,11,3,
1059927,23,FALSE,FALSE,226,2020-01-18T15:00:00Z,0,FALSE,FALSE,[],6,3,,13,4,
1059928,23,FALSE,FALSE,227,2020-01-18T15:00:00Z,0,FALSE,FALSE,[],3,2,,14,2,
1059929,23,FALSE,FALSE,228,2020-01-18T15:00:00Z,0,FALSE,FALSE,[],20,2,,16,3,
1059930,23,FALSE,FALSE,229,2020-01-18T15:00:00Z,0,FALSE,FALSE,[],17,3,,18,4,
1059931,23,FALSE,FALSE,230,2020-01-18T15:00:00Z,0,FALSE,FALSE,[],8,3,,19,2,
1059933,24,FALSE,FALSE,231,2020-01-21T19:45:00Z,0,FALSE,FALSE,[],18,2,,2,3,
1059932,24,FALSE,FALSE,232,2020-01-21T19:45:00Z,0,FALSE,FALSE,[],4,3,,3,2,
1059934,24,FALSE,FALSE,233,2020-01-21T19:45:00Z,0,FALSE,FALSE,[],13,4,,8,2,
1059935,24,FALSE,FALSE,234,2020-01-21T19:45:00Z,0,FALSE,FALSE,[],19,3,,9,2,
1059937,24,FALSE,FALSE,236,2020-01-21T19:45:00Z,0,FALSE,FALSE,[],11,2,,15,4,
1059938,24,FALSE,FALSE,237,2020-01-21T19:45:00Z,0,FALSE,FALSE,[],10,3,,20,4,
1059936,24,FALSE,FALSE,235,2020-01-21T20:00:00Z,0,FALSE,FALSE,[],5,4,,12,2,
1059939,24,FALSE,FALSE,238,2020-01-22T19:45:00Z,0,FALSE,FALSE,[],1,4,,6,4,
1059941,24,FALSE,FALSE,240,2020-01-22T19:45:00Z,0,FALSE,FALSE,[],14,4,,17,2,
1059940,24,FALSE,FALSE,239,2020-01-22T20:00:00Z,0,FALSE,FALSE,[],16,2,,7,2,
1059942,25,FALSE,FALSE,241,2020-02-01T15:00:00Z,0,FALSE,FALSE,[],2,3,,3,2,
1059943,25,FALSE,FALSE,242,2020-02-01T15:00:00Z,0,FALSE,FALSE,[],1,2,,5,4,
1059944,25,FALSE,FALSE,243,2020-02-01T15:00:00Z,0,FALSE,FALSE,[],15,2,,7,2,
1059945,25,FALSE,FALSE,244,2020-02-01T15:00:00Z,0,FALSE,FALSE,[],6,3,,9,4,
1059946,25,FALSE,FALSE,245,2020-02-01T15:00:00Z,0,FALSE,FALSE,[],16,5,,10,2,
1059947,25,FALSE,FALSE,246,2020-02-01T15:00:00Z,0,FALSE,FALSE,[],20,4,,12,3,
1059948,25,FALSE,FALSE,247,2020-02-01T15:00:00Z,0,FALSE,FALSE,[],14,3,,13,2,
1059949,25,FALSE,FALSE,248,2020-02-01T15:00:00Z,0,FALSE,FALSE,[],11,4,,17,4,
1059950,25,FALSE,FALSE,249,2020-02-01T15:00:00Z,0,FALSE,FALSE,[],8,3,,18,2,
1059951,25,FALSE,FALSE,250,2020-02-01T15:00:00Z,0,FALSE,FALSE,[],4,3,,19,2,
1059952,26,FALSE,FALSE,251,2020-02-08T15:00:00Z,0,FALSE,FALSE,[],13,4,,1,2,
1059953,26,FALSE,FALSE,252,2020-02-08T15:00:00Z,0,FALSE,FALSE,[],17,2,,2,4,
1059954,26,FALSE,FALSE,253,2020-02-08T15:00:00Z,0,FALSE,FALSE,[],18,2,,4,3,
1059955,26,FALSE,FALSE,254,2020-02-08T15:00:00Z,0,FALSE,FALSE,[],12,4,,6,4,
1059956,26,FALSE,FALSE,255,2020-02-08T15:00:00Z,0,FALSE,FALSE,[],7,4,,8,3,
1059957,26,FALSE,FALSE,256,2020-02-08T15:00:00Z,0,FALSE,FALSE,[],19,5,,11,2,
1059958,26,FALSE,FALSE,257,2020-02-08T15:00:00Z,0,FALSE,FALSE,[],10,2,,14,4,
1059959,26,FALSE,FALSE,258,2020-02-08T15:00:00Z,0,FALSE,FALSE,[],3,2,,15,2,
1059960,26,FALSE,FALSE,259,2020-02-08T15:00:00Z,0,FALSE,FALSE,[],5,2,,16,2,
1059961,26,FALSE,FALSE,260,2020-02-08T15:00:00Z,0,FALSE,FALSE,[],9,3,,20,3,
1059962,27,FALSE,FALSE,261,2020-02-22T15:00:00Z,0,FALSE,FALSE,[],8,4,,1,2,
1059963,27,FALSE,FALSE,262,2020-02-22T15:00:00Z,0,FALSE,FALSE,[],3,2,,5,2,
1059964,27,FALSE,FALSE,263,2020-02-22T15:00:00Z,0,FALSE,FALSE,[],17,4,,6,4,
1059965,27,FALSE,FALSE,264,2020-02-22T15:00:00Z,0,FALSE,FALSE,[],13,2,,7,2,
1059966,27,FALSE,FALSE,265,2020-02-22T15:00:00Z,0,FALSE,FALSE,[],11,3,,9,4,
1059967,27,FALSE,FALSE,266,2020-02-22T15:00:00Z,0,FALSE,FALSE,[],19,5,,10,2,
1059968,27,FALSE,FALSE,267,2020-02-22T15:00:00Z,0,FALSE,FALSE,[],18,4,,12,3,
1059969,27,FALSE,FALSE,268,2020-02-22T15:00:00Z,0,FALSE,FALSE,[],4,2,,15,2,
1059970,27,FALSE,FALSE,269,2020-02-22T15:00:00Z,0,FALSE,FALSE,[],2,2,,16,2,
1059971,27,FALSE,FALSE,270,2020-02-22T15:00:00Z,0,FALSE,FALSE,[],14,3,,20,2,
1059973,28,FALSE,FALSE,271,2020-02-29T15:00:00Z,0,FALSE,FALSE,[],15,2,,2,2,
1059972,28,FALSE,FALSE,272,2020-02-29T15:00:00Z,0,FALSE,FALSE,[],6,3,,3,4,
1059974,28,FALSE,FALSE,273,2020-02-29T15:00:00Z,0,FALSE,FALSE,[],7,2,,4,3,
1059975,28,FALSE,FALSE,274,2020-02-29T15:00:00Z,0,FALSE,FALSE,[],12,4,,8,4,
1059976,28,FALSE,FALSE,275,2020-02-29T15:00:00Z,0,FALSE,FALSE,[],1,5,,11,4,
1059977,28,FALSE,FALSE,276,2020-02-29T15:00:00Z,0,FALSE,FALSE,[],5,3,,13,2,
1059978,28,FALSE,FALSE,277,2020-02-29T15:00:00Z,0,FALSE,FALSE,[],9,2,,14,3,
1059979,28,FALSE,FALSE,278,2020-02-29T15:00:00Z,0,FALSE,FALSE,[],20,4,,17,3,
1059980,28,FALSE,FALSE,279,2020-02-29T15:00:00Z,0,FALSE,FALSE,[],10,3,,18,4,
1059981,28,FALSE,FALSE,280,2020-02-29T15:00:00Z,0,FALSE,FALSE,[],16,3,,19,2,
1059982,29,FALSE,FALSE,281,2020-03-07T15:00:00Z,0,FALSE,FALSE,[],19,4,,1,2,
1059983,29,FALSE,FALSE,282,2020-03-07T15:00:00Z,0,FALSE,FALSE,[],17,2,,5,4,
1059984,29,FALSE,FALSE,283,2020-03-07T15:00:00Z,0,FALSE,FALSE,[],8,4,,6,2,
1059985,29,FALSE,FALSE,284,2020-03-07T15:00:00Z,0,FALSE,FALSE,[],18,2,,7,3,
1059986,29,FALSE,FALSE,285,2020-03-07T15:00:00Z,0,FALSE,FALSE,[],2,3,,9,2,
1059987,29,FALSE,FALSE,286,2020-03-07T15:00:00Z,0,FALSE,FALSE,[],3,5,,10,2,
1059988,29,FALSE,FALSE,287,2020-03-07T15:00:00Z,0,FALSE,FALSE,[],11,4,,12,4,
1059989,29,FALSE,FALSE,288,2020-03-07T15:00:00Z,0,FALSE,FALSE,[],14,2,,15,2,
1059990,29,FALSE,FALSE,289,2020-03-07T15:00:00Z,0,FALSE,FALSE,[],13,2,,16,2,
1059991,29,FALSE,FALSE,290,2020-03-07T15:00:00Z,0,FALSE,FALSE,[],4,3,,20,2,
1059993,30,FALSE,FALSE,291,2020-03-14T15:00:00Z,0,FALSE,FALSE,[],6,2,,2,4,
1059992,30,FALSE,FALSE,292,2020-03-14T15:00:00Z,0,FALSE,FALSE,[],7,3,,3,3,
1059994,30,FALSE,FALSE,293,2020-03-14T15:00:00Z,0,FALSE,FALSE,[],1,2,,4,4,
1059995,30,FALSE,FALSE,294,2020-03-14T15:00:00Z,0,FALSE,FALSE,[],10,4,,8,4,
1059996,30,FALSE,FALSE,295,2020-03-14T15:00:00Z,0,FALSE,FALSE,[],5,5,,11,2,
1059997,30,FALSE,FALSE,296,2020-03-14T15:00:00Z,0,FALSE,FALSE,[],15,3,,13,2,
1059998,30,FALSE,FALSE,297,2020-03-14T15:00:00Z,0,FALSE,FALSE,[],16,2,,14,2,
1059999,30,FALSE,FALSE,298,2020-03-14T15:00:00Z,0,FALSE,FALSE,[],12,4,,17,4,
1060000,30,FALSE,FALSE,299,2020-03-14T15:00:00Z,0,FALSE,FALSE,[],9,3,,18,3,
1060001,30,FALSE,FALSE,300,2020-03-14T15:00:00Z,0,FALSE,FALSE,[],20,3,,19,3,
1060002,31,FALSE,FALSE,301,2020-03-21T15:00:00Z,0,FALSE,FALSE,[],18,2,,5,3,
1060003,31,FALSE,FALSE,302,2020-03-21T15:00:00Z,0,FALSE,FALSE,[],11,4,,6,4,
1060004,31,FALSE,FALSE,303,2020-03-21T15:00:00Z,0,FALSE,FALSE,[],4,3,,9,2,
1060005,31,FALSE,FALSE,304,2020-03-21T15:00:00Z,0,FALSE,FALSE,[],7,5,,10,3,
1060006,31,FALSE,FALSE,305,2020-03-21T15:00:00Z,0,FALSE,FALSE,[],15,4,,12,2,
1060007,31,FALSE,FALSE,306,2020-03-21T15:00:00Z,0,FALSE,FALSE,[],2,3,,13,2,
1060008,31,FALSE,FALSE,307,2020-03-21T15:00:00Z,0,FALSE,FALSE,[],8,2,,14,2,
1060009,31,FALSE,FALSE,308,2020-03-21T15:00:00Z,0,FALSE,FALSE,[],1,2,,16,4,
1060010,31,FALSE,FALSE,309,2020-03-21T15:00:00Z,0,FALSE,FALSE,[],19,4,,17,2,
1060011,31,FALSE,FALSE,310,2020-03-21T15:00:00Z,0,FALSE,FALSE,[],3,3,,20,2,
1060013,32,FALSE,FALSE,311,2020-04-04T14:00:00Z,0,FALSE,FALSE,[],14,4,,1,2,
1060014,32,FALSE,FALSE,312,2020-04-04T14:00:00Z,0,FALSE,FALSE,[],20,2,,2,3,
1060012,32,FALSE,FALSE,313,2020-04-04T14:00:00Z,0,FALSE,FALSE,[],13,3,,3,2,
1060015,32,FALSE,FALSE,314,2020-04-04T14:00:00Z,0,FALSE,FALSE,[],12,2,,4,4,
1060016,32,FALSE,FALSE,315,2020-04-04T14:00:00Z,0,FALSE,FALSE,[],5,2,,7,2,
1060017,32,FALSE,FALSE,316,2020-04-04T14:00:00Z,0,FALSE,FALSE,[],9,4,,8,3,
1060018,32,FALSE,FALSE,317,2020-04-04T14:00:00Z,0,FALSE,FALSE,[],10,5,,11,4,
1060019,32,FALSE,FALSE,318,2020-04-04T14:00:00Z,0,FALSE,FALSE,[],17,2,,15,4,
1060020,32,FALSE,FALSE,319,2020-04-04T14:00:00Z,0,FALSE,FALSE,[],16,3,,18,2,
1060021,32,FALSE,FALSE,320,2020-04-04T14:00:00Z,0,FALSE,FALSE,[],6,3,,19,4,
1060022,33,FALSE,FALSE,321,2020-04-11T14:00:00Z,0,FALSE,FALSE,[],15,2,,5,2,
1060023,33,FALSE,FALSE,322,2020-04-11T14:00:00Z,0,FALSE,FALSE,[],18,4,,6,3,
1060024,33,FALSE,FALSE,323,2020-04-11T14:00:00Z,0,FALSE,FALSE,[],7,3,,9,3,
1060025,33,FALSE,FALSE,324,2020-04-11T14:00:00Z,0,FALSE,FALSE,[],2,5,,10,2,
1060026,33,FALSE,FALSE,325,2020-04-11T14:00:00Z,0,FALSE,FALSE,[],3,4,,12,2,
1060027,33,FALSE,FALSE,326,2020-04-11T14:00:00Z,0,FALSE,FALSE,[],19,3,,13,2,
1060028,33,FALSE,FALSE,327,2020-04-11T14:00:00Z,0,FALSE,FALSE,[],4,2,,14,2,
1060029,33,FALSE,FALSE,328,2020-04-11T14:00:00Z,0,FALSE,FALSE,[],11,2,,16,4,
1060030,33,FALSE,FALSE,329,2020-04-11T14:00:00Z,0,FALSE,FALSE,[],8,4,,17,2,
1060031,33,FALSE,FALSE,330,2020-04-11T14:00:00Z,0,FALSE,FALSE,[],1,3,,20,4,
1060033,34,FALSE,FALSE,331,2020-04-18T14:00:00Z,0,FALSE,FALSE,[],9,4,,1,3,
1060034,34,FALSE,FALSE,332,2020-04-18T14:00:00Z,0,FALSE,FALSE,[],12,2,,2,4,
1060032,34,FALSE,FALSE,333,2020-04-18T14:00:00Z,0,FALSE,FALSE,[],17,3,,3,4,
1060035,34,FALSE,FALSE,334,2020-04-18T14:00:00Z,0,FALSE,FALSE,[],10,2,,4,4,
1060036,34,FALSE,FALSE,335,2020-04-18T14:00:00Z,0,FALSE,FALSE,[],6,2,,7,4,
1060037,34,FALSE,FALSE,336,2020-04-18T14:00:00Z,0,FALSE,FALSE,[],16,4,,8,2,
1060038,34,FALSE,FALSE,337,2020-04-18T14:00:00Z,0,FALSE,FALSE,[],13,5,,11,2,
1060039,34,FALSE,FALSE,338,2020-04-18T14:00:00Z,0,FALSE,FALSE,[],20,2,,15,3,
1060040,34,FALSE,FALSE,339,2020-04-18T14:00:00Z,0,FALSE,FALSE,[],14,3,,18,2,
1060041,34,FALSE,FALSE,340,2020-04-18T14:00:00Z,0,FALSE,FALSE,[],5,3,,19,2,
1060043,35,FALSE,FALSE,341,2020-04-25T14:00:00Z,0,FALSE,FALSE,[],7,2,,2,3,
1060042,35,FALSE,FALSE,342,2020-04-25T14:00:00Z,0,FALSE,FALSE,[],9,3,,3,3,
1060044,35,FALSE,FALSE,343,2020-04-25T14:00:00Z,0,FALSE,FALSE,[],11,2,,4,4,
1060045,35,FALSE,FALSE,344,2020-04-25T14:00:00Z,0,FALSE,FALSE,[],5,5,,10,2,
1060046,35,FALSE,FALSE,345,2020-04-25T14:00:00Z,0,FALSE,FALSE,[],16,4,,12,2,
1060047,35,FALSE,FALSE,346,2020-04-25T14:00:00Z,0,FALSE,FALSE,[],19,2,,14,2,
1060048,35,FALSE,FALSE,347,2020-04-25T14:00:00Z,0,FALSE,FALSE,[],6,2,,15,4,
1060049,35,FALSE,FALSE,348,2020-04-25T14:00:00Z,0,FALSE,FALSE,[],1,4,,17,4,
1060050,35,FALSE,FALSE,349,2020-04-25T14:00:00Z,0,FALSE,FALSE,[],13,3,,18,2,
1060051,35,FALSE,FALSE,350,2020-04-25T14:00:00Z,0,FALSE,FALSE,[],8,3,,20,2,
1060052,36,FALSE,FALSE,351,2020-05-02T14:00:00Z,0,FALSE,FALSE,[],10,4,,1,4,
1060053,36,FALSE,FALSE,352,2020-05-02T14:00:00Z,0,FALSE,FALSE,[],20,2,,5,3,
1060054,36,FALSE,FALSE,353,2020-05-02T14:00:00Z,0,FALSE,FALSE,[],14,4,,6,2,
1060055,36,FALSE,FALSE,354,2020-05-02T14:00:00Z,0,FALSE,FALSE,[],12,2,,7,4,
1060056,36,FALSE,FALSE,355,2020-05-02T14:00:00Z,0,FALSE,FALSE,[],2,4,,8,2,
1060057,36,FALSE,FALSE,356,2020-05-02T14:00:00Z,0,FALSE,FALSE,[],15,3,,9,2,
1060058,36,FALSE,FALSE,357,2020-05-02T14:00:00Z,0,FALSE,FALSE,[],3,5,,11,2,
1060059,36,FALSE,FALSE,358,2020-05-02T14:00:00Z,0,FALSE,FALSE,[],17,3,,13,4,
1060060,36,FALSE,FALSE,359,2020-05-02T14:00:00Z,0,FALSE,FALSE,[],4,2,,16,2,
1060061,36,FALSE,FALSE,360,2020-05-02T14:00:00Z,0,FALSE,FALSE,[],18,3,,19,3,
1060063,37,FALSE,FALSE,361,2020-05-09T14:00:00Z,0,FALSE,FALSE,[],1,2,,2,4,
1060062,37,FALSE,FALSE,362,2020-05-09T14:00:00Z,0,FALSE,FALSE,[],16,3,,3,2,
1060064,37,FALSE,FALSE,363,2020-05-09T14:00:00Z,0,FALSE,FALSE,[],13,2,,4,2,
1060065,37,FALSE,FALSE,364,2020-05-09T14:00:00Z,0,FALSE,FALSE,[],6,5,,10,4,
1060066,37,FALSE,FALSE,365,2020-05-09T14:00:00Z,0,FALSE,FALSE,[],19,4,,12,2,
1060067,37,FALSE,FALSE,366,2020-05-09T14:00:00Z,0,FALSE,FALSE,[],5,2,,14,2,
1060068,37,FALSE,FALSE,367,2020-05-09T14:00:00Z,0,FALSE,FALSE,[],8,2,,15,2,
1060069,37,FALSE,FALSE,368,2020-05-09T14:00:00Z,0,FALSE,FALSE,[],9,4,,17,3,
1060070,37,FALSE,FALSE,369,2020-05-09T14:00:00Z,0,FALSE,FALSE,[],11,3,,18,4,
1060071,37,FALSE,FALSE,370,2020-05-09T14:00:00Z,0,FALSE,FALSE,[],7,3,,20,3,
1060072,38,FALSE,FALSE,371,2020-05-17T14:00:00Z,0,FALSE,FALSE,[],18,4,,1,3,
1060073,38,FALSE,FALSE,372,2020-05-17T14:00:00Z,0,FALSE,FALSE,[],4,2,,5,2,
1060074,38,FALSE,FALSE,373,2020-05-17T14:00:00Z,0,FALSE,FALSE,[],20,4,,6,3,
1060075,38,FALSE,FALSE,374,2020-05-17T14:00:00Z,0,FALSE,FALSE,[],17,2,,7,4,
1060076,38,FALSE,FALSE,375,2020-05-17T14:00:00Z,0,FALSE,FALSE,[],3,4,,8,2,
1060077,38,FALSE,FALSE,376,2020-05-17T14:00:00Z,0,FALSE,FALSE,[],12,3,,9,4,
1060078,38,FALSE,FALSE,377,2020-05-17T14:00:00Z,0,FALSE,FALSE,[],14,5,,11,2,
1060079,38,FALSE,FALSE,378,2020-05-17T14:00:00Z,0,FALSE,FALSE,[],10,3,,13,4,
1060080,38,FALSE,FALSE,379,2020-05-17T14:00:00Z,0,FALSE,FALSE,[],15,2,,16,2,
1060081,38,FALSE,FALSE,380,2020-05-17T14:00:00Z,0,FALSE,FALSE,[],2,3,,19,2,
